https://www.oddsportal.com/basketball/usa/nba/brooklyn-nets-washington-wizards-4UEn3AKa/,Brooklyn Nets - Washington Wizards 
https://www.oddsportal.com/basketball/usa/nba/detroit-pistons-chicago-bulls-ng4i2UZ5/,Detroit Pistons - Chicago Bulls 
https://www.oddsportal.com/basketball/usa/nba/new-york-knicks-philadelphia-76ers-Qq3e1lkC/,New York Knicks - Philadelphia 76ers 
https://www.oddsportal.com/basketball/usa/nba/boston-celtics-orlando-magic-2k85wRMO/,Boston Celtics - Orlando Magic 
https://www.oddsportal.com/basketball/usa/nba/cleveland-cavaliers-toronto-raptors-tSJeeGNE/,Cleveland Cavaliers - Toronto Raptors 
https://www.oddsportal.com/basketball/usa/nba/denver-nuggets-chicago-bulls-v7P8iDLm/,Denver Nuggets - Chicago Bulls 
https://www.oddsportal.com/basketball/usa/nba/denver-nuggets-new-orleans-pelicans-d4Bv5Wkm/,Denver Nuggets - New Orleans Pelicans 
https://www.oddsportal.com/basketball/usa/nba/houston-rockets-oklahoma-city-thunder-YHbml8H0/,Houston Rockets - Oklahoma City Thunder 
https://www.oddsportal.com/basketball/usa/nba/los-angeles-clippers-charlotte-hornets-Eq8FAhSP/,Los Angeles Clippers - Charlotte Hornets 
https://www.oddsportal.com/basketball/usa/nba/los-angeles-lakers-atlanta-hawks-QNRKlB56/,Los Angeles Lakers - Atlanta Hawks 
https://www.oddsportal.com/basketball/usa/nba/memphis-grizzlies-golden-state-warriors-MkLTnkzJ/,Memphis Grizzlies - Golden State Warriors 
https://www.oddsportal.com/basketball/usa/nba/miami-heat-indiana-pacers-IDCz6Czs/,Miami Heat - Indiana Pacers 
https://www.oddsportal.com/basketball/usa/nba/milwaukee-bucks-san-antonio-spurs-zg9BBYCJ/,Milwaukee Bucks - San Antonio Spurs 
https://www.oddsportal.com/basketball/usa/nba/philadelphia-76ers-sacramento-kings-8nHPmVKC/,Philadelphia 76ers - Sacramento Kings 
https://www.oddsportal.com/basketball/usa/nba/phoenix-suns-minnesota-timberwolves-IcOCjXzf/,Phoenix Suns - Minnesota Timberwolves 
https://www.oddsportal.com/basketball/usa/nba/portland-trail-blazers-dallas-mavericks-nXSGkij0/,Portland Trail Blazers - Dallas Mavericks 
https://www.oddsportal.com/basketball/usa/nba/boston-celtics-sacramento-kings-Q9nnzCjD/,Boston Celtics - Sacramento Kings 
https://www.oddsportal.com/basketball/usa/nba/cleveland-cavaliers-san-antonio-spurs-dGLOqiLU/,Cleveland Cavaliers - San Antonio Spurs 
https://www.oddsportal.com/basketball/usa/nba/houston-rockets-detroit-pistons-zuUxcZcQ/,Houston Rockets - Detroit Pistons 
https://www.oddsportal.com/basketball/usa/nba/los-angeles-lakers-charlotte-hornets-nJmryhy7/,Los Angeles Lakers - Charlotte Hornets 
https://www.oddsportal.com/basketball/usa/nba/memphis-grizzlies-golden-state-warriors-drz4hg6s/,Memphis Grizzlies - Golden State Warriors 
https://www.oddsportal.com/basketball/usa/nba/miami-heat-indiana-pacers-2RVUbeTD/,Miami Heat - Indiana Pacers 
https://www.oddsportal.com/basketball/usa/nba/orlando-magic-brooklyn-nets-tIUYcFrK/,Orlando Magic - Brooklyn Nets 
https://www.oddsportal.com/basketball/usa/nba/phoenix-suns-minnesota-timberwolves-vgpzwE6f/,Phoenix Suns - Minnesota Timberwolves 
https://www.oddsportal.com/basketball/usa/nba/portland-trail-blazers-new-orleans-pelicans-hdlvxYL0/,Portland Trail Blazers - New Orleans Pelicans 
https://www.oddsportal.com/basketball/usa/nba/toronto-raptors-utah-jazz-2yLidd88/,Toronto Raptors - Utah Jazz 
https://www.oddsportal.com/basketball/usa/nba/atlanta-hawks-oklahoma-city-thunder-IwdRvzxr/,Atlanta Hawks - Oklahoma City Thunder 
https://www.oddsportal.com/basketball/usa/nba/dallas-mavericks-los-angeles-clippers-CvYcd27F/,Dallas Mavericks - Los Angeles Clippers 
https://www.oddsportal.com/basketball/usa/nba/denver-nuggets-charlotte-hornets-YmZgcrh9/,Denver Nuggets - Charlotte Hornets 
https://www.oddsportal.com/basketball/usa/nba/memphis-grizzlies-miami-heat-jPqkbOx3/,Memphis Grizzlies - Miami Heat 
https://www.oddsportal.com/basketball/usa/nba/new-york-knicks-orlando-magic-dUfVwfil/,New York Knicks - Orlando Magic 
https://www.oddsportal.com/basketball/usa/nba/washington-wizards-utah-jazz-Ob91v77I/,Washington Wizards - Utah Jazz 
https://www.oddsportal.com/basketball/usa/nba/chicago-bulls-san-antonio-spurs-OIi3zLpd/,Chicago Bulls - San Antonio Spurs 
https://www.oddsportal.com/basketball/usa/nba/cleveland-cavaliers-boston-celtics-pShay1Vk/,Cleveland Cavaliers - Boston Celtics 
https://www.oddsportal.com/basketball/usa/nba/detroit-pistons-toronto-raptors-QJy9XCV7/,Detroit Pistons - Toronto Raptors 
https://www.oddsportal.com/basketball/usa/nba/houston-rockets-golden-state-warriors-xMuoa4Nd/,Houston Rockets - Golden State Warriors 
https://www.oddsportal.com/basketball/usa/nba/indiana-pacers-brooklyn-nets-WKCOs3hM/,Indiana Pacers - Brooklyn Nets 
https://www.oddsportal.com/basketball/usa/nba/los-angeles-lakers-minnesota-timberwolves-4j0APrFt/,Los Angeles Lakers - Minnesota Timberwolves 
https://www.oddsportal.com/basketball/usa/nba/philadelphia-76ers-milwaukee-bucks-QsCStN7S/,Philadelphia 76ers - Milwaukee Bucks 
https://www.oddsportal.com/basketball/usa/nba/portland-trail-blazers-new-orleans-pelicans-SQxssBpE/,Portland Trail Blazers - New Orleans Pelicans 
https://www.oddsportal.com/basketball/usa/nba/washington-wizards-sacramento-kings-SjbfxsGq/,Washington Wizards - Sacramento Kings 
https://www.oddsportal.com/basketball/usa/nba/boston-celtics-utah-jazz-QmwqM98l/,Boston Celtics - Utah Jazz 
https://www.oddsportal.com/basketball/usa/nba/chicago-bulls-oklahoma-city-thunder-GxWeJ7h7/,Chicago Bulls - Oklahoma City Thunder 
https://www.oddsportal.com/basketball/usa/nba/dallas-mavericks-los-angeles-clippers-Ykb4TiGE/,Dallas Mavericks - Los Angeles Clippers 
https://www.oddsportal.com/basketball/usa/nba/denver-nuggets-indiana-pacers-SCc8SBVK/,Denver Nuggets - Indiana Pacers 
https://www.oddsportal.com/basketball/usa/nba/golden-state-warriors-los-angeles-lakers-ncvuNkgr/,Golden State Warriors - Los Angeles Lakers 
https://www.oddsportal.com/basketball/usa/nba/houston-rockets-atlanta-hawks-ENlaIR7D/,Houston Rockets - Atlanta Hawks 
https://www.oddsportal.com/basketball/usa/nba/miami-heat-cleveland-cavaliers-fNsmLTNf/,Miami Heat - Cleveland Cavaliers 
https://www.oddsportal.com/basketball/usa/nba/philadelphia-76ers-new-york-knicks-YDtiKmw1/,Philadelphia 76ers - New York Knicks 
https://www.oddsportal.com/basketball/usa/nba/phoenix-suns-memphis-grizzlies-tG1CRVpR/,Phoenix Suns - Memphis Grizzlies 
https://www.oddsportal.com/basketball/usa/nba/brooklyn-nets-new-york-knicks-faa0UX08/,Brooklyn Nets - New York Knicks 
https://www.oddsportal.com/basketball/usa/nba/charlotte-hornets-sacramento-kings-GGfL6U81/,Charlotte Hornets - Sacramento Kings 
https://www.oddsportal.com/basketball/usa/nba/chicago-bulls-toronto-raptors-fugNMtaa/,Chicago Bulls - Toronto Raptors 
https://www.oddsportal.com/basketball/usa/nba/detroit-pistons-san-antonio-spurs-dz47keig/,Detroit Pistons - San Antonio Spurs 
https://www.oddsportal.com/basketball/usa/nba/new-orleans-pelicans-los-angeles-clippers-MgeH7Age/,New Orleans Pelicans - Los Angeles Clippers 
https://www.oddsportal.com/basketball/usa/nba/washington-wizards-milwaukee-bucks-f7gP5lO7/,Washington Wizards - Milwaukee Bucks 
https://www.oddsportal.com/basketball/usa/nba/atlanta-hawks-cleveland-cavaliers-OIFtECGR/,Atlanta Hawks - Cleveland Cavaliers 
https://www.oddsportal.com/basketball/usa/nba/atlanta-hawks-cleveland-cavaliers-OIFtECGR/,Atlanta Hawks - Cleveland Cavaliers 
https://www.oddsportal.com/basketball/usa/nba/denver-nuggets-dallas-mavericks-8jVsgBv2/,Denver Nuggets - Dallas Mavericks 
https://www.oddsportal.com/basketball/usa/nba/golden-state-warriors-utah-jazz-YTMTGEW8/,Golden State Warriors - Utah Jazz 
https://www.oddsportal.com/basketball/usa/nba/houston-rockets-boston-celtics-QR189WOr/,Houston Rockets - Boston Celtics 
https://www.oddsportal.com/basketball/usa/nba/minnesota-timberwolves-portland-trail-blazers-8jiD8jvk/,Minnesota Timberwolves - Portland Trail Blazers 
https://www.oddsportal.com/basketball/usa/nba/minnesota-timberwolves-portland-trail-blazers-8jiD8jvk/,Minnesota Timberwolves - Portland Trail Blazers 
https://www.oddsportal.com/basketball/usa/nba/minnesota-timberwolves-portland-trail-blazers-UaWwfiPe/,Minnesota Timberwolves - Portland Trail Blazers 
https://www.oddsportal.com/basketball/usa/nba/oklahoma-city-thunder-memphis-grizzlies-MgJPHfH2/,Oklahoma City Thunder - Memphis Grizzlies 
https://www.oddsportal.com/basketball/usa/nba/orlando-magic-miami-heat-fqBxFh1L/,Orlando Magic - Miami Heat 
https://www.oddsportal.com/basketball/usa/nba/orlando-magic-miami-heat-fqBxFh1L/,Orlando Magic - Miami Heat 
https://www.oddsportal.com/basketball/usa/nba/philadelphia-76ers-san-antonio-spurs-GhCYFYoF/,Philadelphia 76ers - San Antonio Spurs 
https://www.oddsportal.com/basketball/usa/nba/philadelphia-76ers-san-antonio-spurs-GhCYFYoF/,Philadelphia 76ers - San Antonio Spurs 
https://www.oddsportal.com/basketball/usa/nba/phoenix-suns-indiana-pacers-4jYjKrLA/,Phoenix Suns - Indiana Pacers 
https://www.oddsportal.com/basketball/usa/nba/atlanta-hawks-sacramento-kings-COyZfX9k/,Atlanta Hawks - Sacramento Kings 
https://www.oddsportal.com/basketball/usa/nba/brooklyn-nets-detroit-pistons-Ghj30gnS/,Brooklyn Nets - Detroit Pistons 
https://www.oddsportal.com/basketball/usa/nba/charlotte-hornets-toronto-raptors-0IgJNMqg/,Charlotte Hornets - Toronto Raptors 
https://www.oddsportal.com/basketball/usa/nba/chicago-bulls-miami-heat-88pq5HXd/,Chicago Bulls - Miami Heat 
https://www.oddsportal.com/basketball/usa/nba/los-angeles-lakers-indiana-pacers-KQdf2FHF/,Los Angeles Lakers - Indiana Pacers 
https://www.oddsportal.com/basketball/usa/nba/memphis-grizzlies-denver-nuggets-h02dsEuj/,Memphis Grizzlies - Denver Nuggets 
https://www.oddsportal.com/basketball/usa/nba/new-orleans-pelicans-cleveland-cavaliers-6360tYfd/,New Orleans Pelicans - Cleveland Cavaliers 
https://www.oddsportal.com/basketball/usa/nba/oklahoma-city-thunder-new-york-knicks-2kna1ZWL/,Oklahoma City Thunder - New York Knicks 
https://www.oddsportal.com/basketball/usa/nba/san-antonio-spurs-orlando-magic-naqm4ym3/,San Antonio Spurs - Orlando Magic 
https://www.oddsportal.com/basketball/usa/nba/utah-jazz-houston-rockets-tzbj3e29/,Utah Jazz - Houston Rockets 
https://www.oddsportal.com/basketball/usa/nba/washington-wizards-milwaukee-bucks-YXxVeDfq/,Washington Wizards - Milwaukee Bucks 
https://www.oddsportal.com/basketball/usa/nba/washington-wizards-philadelphia-76ers-bw3hrfQq/,Washington Wizards - Philadelphia 76ers 
https://www.oddsportal.com/basketball/usa/nba/chicago-bulls-philadelphia-76ers-YkW0hvli/,Chicago Bulls - Philadelphia 76ers 
https://www.oddsportal.com/basketball/usa/nba/los-angeles-clippers-golden-state-warriors-02NHldmG/,Los Angeles Clippers - Golden State Warriors 
https://www.oddsportal.com/basketball/usa/nba/miami-heat-orlando-magic-pzwJTfBj/,Miami Heat - Orlando Magic 
https://www.oddsportal.com/basketball/usa/nba/milwaukee-bucks-new-york-knicks-CtV4ib3c/,Milwaukee Bucks - New York Knicks 
https://www.oddsportal.com/basketball/usa/nba/new-orleans-pelicans-minnesota-timberwolves-f5K9jII3/,New Orleans Pelicans - Minnesota Timberwolves 
https://www.oddsportal.com/basketball/usa/nba/oklahoma-city-thunder-dallas-mavericks-6uODkxY9/,Oklahoma City Thunder - Dallas Mavericks 
https://www.oddsportal.com/basketball/usa/nba/portland-trail-blazers-phoenix-suns-vgMLmG2M/,Portland Trail Blazers - Phoenix Suns 
https://www.oddsportal.com/basketball/usa/nba/sacramento-kings-houston-rockets-dUGQnzIS/,Sacramento Kings - Houston Rockets 
https://www.oddsportal.com/basketball/usa/nba/brooklyn-nets-boston-celtics-6qvFUzdp/,Brooklyn Nets - Boston Celtics 
https://www.oddsportal.com/basketball/usa/nba/charlotte-hornets-detroit-pistons-QoQpn3RH/,Charlotte Hornets - Detroit Pistons 
https://www.oddsportal.com/basketball/usa/nba/dallas-mavericks-san-antonio-spurs-CrMtmqCB/,Dallas Mavericks - San Antonio Spurs 
https://www.oddsportal.com/basketball/usa/nba/memphis-grizzlies-washington-wizards-ILMxlPd5/,Memphis Grizzlies - Washington Wizards 
https://www.oddsportal.com/basketball/usa/nba/toronto-raptors-atlanta-hawks-MRfFO2Un/,Toronto Raptors - Atlanta Hawks 
https://www.oddsportal.com/basketball/usa/nba/indiana-pacers-denver-nuggets-OQ9VeXmD/,Indiana Pacers - Denver Nuggets 
https://www.oddsportal.com/basketball/usa/nba/memphis-grizzlies-milwaukee-bucks-jX1HJztK/,Memphis Grizzlies - Milwaukee Bucks 
https://www.oddsportal.com/basketball/usa/nba/new-orleans-pelicans-miami-heat-facmEE3s/,New Orleans Pelicans - Miami Heat 
https://www.oddsportal.com/basketball/usa/nba/phoenix-suns-golden-state-warriors-jm8H5q6H/,Phoenix Suns - Golden State Warriors 
https://www.oddsportal.com/basketball/usa/nba/portland-trail-blazers-sacramento-kings-lMdiDYIm/,Portland Trail Blazers - Sacramento Kings 
https://www.oddsportal.com/basketball/usa/nba/san-antonio-spurs-oklahoma-city-thunder-YeiMIfeQ/,San Antonio Spurs - Oklahoma City Thunder 
https://www.oddsportal.com/basketball/usa/nba/boston-celtics-toronto-raptors-AZgOFRvn/,Boston Celtics - Toronto Raptors 
https://www.oddsportal.com/basketball/usa/nba/dallas-mavericks-oklahoma-city-thunder-l8HIbZ3f/,Dallas Mavericks - Oklahoma City Thunder 
https://www.oddsportal.com/basketball/usa/nba/dallas-mavericks-oklahoma-city-thunder-l8HIbZ3f/,Dallas Mavericks - Oklahoma City Thunder 
https://www.oddsportal.com/basketball/usa/nba/minnesota-timberwolves-charlotte-hornets-GfJA0eZs/,Minnesota Timberwolves - Charlotte Hornets 
https://www.oddsportal.com/basketball/usa/nba/minnesota-timberwolves-charlotte-hornets-GfJA0eZs/,Minnesota Timberwolves - Charlotte Hornets 
https://www.oddsportal.com/basketball/usa/nba/new-orleans-pelicans-chicago-bulls-foIEaFll/,New Orleans Pelicans - Chicago Bulls 
https://www.oddsportal.com/basketball/usa/nba/new-orleans-pelicans-chicago-bulls-foIEaFll/,New Orleans Pelicans - Chicago Bulls 
https://www.oddsportal.com/basketball/usa/nba/new-york-knicks-detroit-pistons-O8WtmGtr/,New York Knicks - Detroit Pistons 
https://www.oddsportal.com/basketball/usa/nba/orlando-magic-atlanta-hawks-vDGs7cdE/,Orlando Magic - Atlanta Hawks 
https://www.oddsportal.com/basketball/usa/nba/orlando-magic-atlanta-hawks-vDGs7cdE/,Orlando Magic - Atlanta Hawks 
https://www.oddsportal.com/basketball/usa/nba/portland-trail-blazers-golden-state-warriors-2BLMcgJ0/,Portland Trail Blazers - Golden State Warriors 
https://www.oddsportal.com/basketball/usa/nba/sacramento-kings-los-angeles-lakers-pzBRdDY6/,Sacramento Kings - Los Angeles Lakers 
https://www.oddsportal.com/basketball/usa/nba/washington-wizards-los-angeles-clippers-Ct3DKGQD/,Washington Wizards - Los Angeles Clippers 
https://www.oddsportal.com/basketball/usa/nba/cleveland-cavaliers-indiana-pacers-Q9Cw8ws8/,Cleveland Cavaliers - Indiana Pacers 
https://www.oddsportal.com/basketball/usa/nba/houston-rockets-brooklyn-nets-CQEk5yRQ/,Houston Rockets - Brooklyn Nets 
https://www.oddsportal.com/basketball/usa/nba/los-angeles-lakers-phoenix-suns-Myncaow8/,Los Angeles Lakers - Phoenix Suns 
https://www.oddsportal.com/basketball/usa/nba/milwaukee-bucks-denver-nuggets-EBrk178e/,Milwaukee Bucks - Denver Nuggets 
https://www.oddsportal.com/basketball/usa/nba/philadelphia-76ers-utah-jazz-YZFo6HBK/,Philadelphia 76ers - Utah Jazz 
https://www.oddsportal.com/basketball/usa/nba/san-antonio-spurs-new-york-knicks-romg0RN1/,San Antonio Spurs - New York Knicks 
https://www.oddsportal.com/basketball/usa/nba/toronto-raptors-detroit-pistons-WreKG7Pu/,Toronto Raptors - Detroit Pistons 
https://www.oddsportal.com/basketball/usa/nba/boston-celtics-los-angeles-clippers-hdft3Twq/,Boston Celtics - Los Angeles Clippers 
https://www.oddsportal.com/basketball/usa/nba/chicago-bulls-denver-nuggets-zLNFn8g2/,Chicago Bulls - Denver Nuggets 
https://www.oddsportal.com/basketball/usa/nba/houston-rockets-cleveland-cavaliers-lOBcBiW2/,Houston Rockets - Cleveland Cavaliers 
https://www.oddsportal.com/basketball/usa/nba/miami-heat-atlanta-hawks-zLqo2mgk/,Miami Heat - Atlanta Hawks 
https://www.oddsportal.com/basketball/usa/nba/new-orleans-pelicans-utah-jazz-SEA1ABo9/,New Orleans Pelicans - Utah Jazz 
https://www.oddsportal.com/basketball/usa/nba/portland-trail-blazers-charlotte-hornets-Ot4A8kGL/,Portland Trail Blazers - Charlotte Hornets 
https://www.oddsportal.com/basketball/usa/nba/san-antonio-spurs-brooklyn-nets-pj569V0F/,San Antonio Spurs - Brooklyn Nets 
https://www.oddsportal.com/basketball/usa/nba/washington-wizards-memphis-grizzlies-I33E79VR/,Washington Wizards - Memphis Grizzlies 
https://www.oddsportal.com/basketball/usa/nba/detroit-pistons-new-york-knicks-zwwHbEnc/,Detroit Pistons - New York Knicks 
https://www.oddsportal.com/basketball/usa/nba/houston-rockets-memphis-grizzlies-MguTeCWF/,Houston Rockets - Memphis Grizzlies 
https://www.oddsportal.com/basketball/usa/nba/los-angeles-lakers-golden-state-warriors-r9Tyfj1S/,Los Angeles Lakers - Golden State Warriors 
https://www.oddsportal.com/basketball/usa/nba/miami-heat-atlanta-hawks-ETyLcY13/,Miami Heat - Atlanta Hawks 
https://www.oddsportal.com/basketball/usa/nba/minnesota-timberwolves-phoenix-suns-4IUXfWoM/,Minnesota Timberwolves - Phoenix Suns 
https://www.oddsportal.com/basketball/usa/nba/orlando-magic-dallas-mavericks-vgU6lUOk/,Orlando Magic - Dallas Mavericks 
https://www.oddsportal.com/basketball/usa/nba/philadelphia-76ers-indiana-pacers-MHJBmlvd/,Philadelphia 76ers - Indiana Pacers 
https://www.oddsportal.com/basketball/usa/nba/sacramento-kings-charlotte-hornets-02V2kA9q/,Sacramento Kings - Charlotte Hornets 
https://www.oddsportal.com/basketball/usa/nba/boston-celtics-washington-wizards-8jyPdhH9/,Boston Celtics - Washington Wizards 
https://www.oddsportal.com/basketball/usa/nba/brooklyn-nets-dallas-mavericks-KUfUzBfj/,Brooklyn Nets - Dallas Mavericks 
https://www.oddsportal.com/basketball/usa/nba/milwaukee-bucks-los-angeles-clippers-bLgYZU9d/,Milwaukee Bucks - Los Angeles Clippers 
https://www.oddsportal.com/basketball/usa/nba/new-york-knicks-indiana-pacers-fquleut5/,New York Knicks - Indiana Pacers 
https://www.oddsportal.com/basketball/usa/nba/oklahoma-city-thunder-denver-nuggets-Q7eQyiup/,Oklahoma City Thunder - Denver Nuggets 
https://www.oddsportal.com/basketball/usa/nba/orlando-magic-utah-jazz-YZwhfaeB/,Orlando Magic - Utah Jazz 
https://www.oddsportal.com/basketball/usa/nba/san-antonio-spurs-new-orleans-pelicans-Q9zpdLQb/,San Antonio Spurs - New Orleans Pelicans 
https://www.oddsportal.com/basketball/usa/nba/chicago-bulls-phoenix-suns-fTjQu0tI/,Chicago Bulls - Phoenix Suns 
https://www.oddsportal.com/basketball/usa/nba/detroit-pistons-sacramento-kings-8ClEr2da/,Detroit Pistons - Sacramento Kings 
https://www.oddsportal.com/basketball/usa/nba/golden-state-warriors-charlotte-hornets-jirXbNtt/,Golden State Warriors - Charlotte Hornets 
https://www.oddsportal.com/basketball/usa/nba/los-angeles-lakers-portland-trail-blazers-4fnybsdn/,Los Angeles Lakers - Portland Trail Blazers 
https://www.oddsportal.com/basketball/usa/nba/memphis-grizzlies-los-angeles-clippers-zu8NvKeO/,Memphis Grizzlies - Los Angeles Clippers 
https://www.oddsportal.com/basketball/usa/nba/miami-heat-utah-jazz-GxhMttRB/,Miami Heat - Utah Jazz 
https://www.oddsportal.com/basketball/usa/nba/oklahoma-city-thunder-atlanta-hawks-EV6RwvBU/,Oklahoma City Thunder - Atlanta Hawks 
https://www.oddsportal.com/basketball/usa/nba/philadelphia-76ers-cleveland-cavaliers-nJytc1Bh/,Philadelphia 76ers - Cleveland Cavaliers 
https://www.oddsportal.com/basketball/usa/nba/washington-wizards-minnesota-timberwolves-GbTdgJAH/,Washington Wizards - Minnesota Timberwolves 
https://www.oddsportal.com/basketball/usa/nba/boston-celtics-indiana-pacers-MFhIsMB5/,Boston Celtics - Indiana Pacers 
https://www.oddsportal.com/basketball/usa/nba/denver-nuggets-washington-wizards-nc05pORn/,Denver Nuggets - Washington Wizards 
https://www.oddsportal.com/basketball/usa/nba/memphis-grizzlies-los-angeles-clippers-INe1o4Ct/,Memphis Grizzlies - Los Angeles Clippers 
https://www.oddsportal.com/basketball/usa/nba/milwaukee-bucks-new-orleans-pelicans-Qma9qrsg/,Milwaukee Bucks - New Orleans Pelicans 
https://www.oddsportal.com/basketball/usa/nba/toronto-raptors-houston-rockets-I1l89jIC/,Toronto Raptors - Houston Rockets 
https://www.oddsportal.com/basketball/usa/nba/brooklyn-nets-orlando-magic-E9VjR0RO/,Brooklyn Nets - Orlando Magic 
https://www.oddsportal.com/basketball/usa/nba/new-york-knicks-sacramento-kings-GE9Zkp4P/,New York Knicks - Sacramento Kings 
https://www.oddsportal.com/basketball/usa/nba/chicago-bulls-minnesota-timberwolves-hMLSW4cm/,Chicago Bulls - Minnesota Timberwolves 
https://www.oddsportal.com/basketball/usa/nba/miami-heat-toronto-raptors-Ovk4AW26/,Miami Heat - Toronto Raptors 
https://www.oddsportal.com/basketball/usa/nba/new-orleans-pelicans-detroit-pistons-nqLWVOCg/,New Orleans Pelicans - Detroit Pistons 
https://www.oddsportal.com/basketball/usa/nba/oklahoma-city-thunder-san-antonio-spurs-QZJzVrSa/,Oklahoma City Thunder - San Antonio Spurs 
https://www.oddsportal.com/basketball/usa/nba/phoenix-suns-charlotte-hornets-rBEuU2s6/,Phoenix Suns - Charlotte Hornets 
https://www.oddsportal.com/basketball/usa/nba/atlanta-hawks-boston-celtics-YyudxRZP/,Atlanta Hawks - Boston Celtics 
https://www.oddsportal.com/basketball/usa/nba/cleveland-cavaliers-houston-rockets-vJHOXprs/,Cleveland Cavaliers - Houston Rockets 
https://www.oddsportal.com/basketball/usa/nba/denver-nuggets-portland-trail-blazers-llg6F3SC/,Denver Nuggets - Portland Trail Blazers 
https://www.oddsportal.com/basketball/usa/nba/indiana-pacers-golden-state-warriors-fothw7KJ/,Indiana Pacers - Golden State Warriors 
https://www.oddsportal.com/basketball/usa/nba/los-angeles-clippers-washington-wizards-SvhAENsJ/,Los Angeles Clippers - Washington Wizards 
https://www.oddsportal.com/basketball/usa/nba/milwaukee-bucks-minnesota-timberwolves-6P31GqD6/,Milwaukee Bucks - Minnesota Timberwolves 
https://www.oddsportal.com/basketball/usa/nba/brooklyn-nets-sacramento-kings-K81kJoTm/,Brooklyn Nets - Sacramento Kings 
https://www.oddsportal.com/basketball/usa/nba/cleveland-cavaliers-atlanta-hawks-0OKIO75Q/,Cleveland Cavaliers - Atlanta Hawks 
https://www.oddsportal.com/basketball/usa/nba/dallas-mavericks-boston-celtics-hMacHPc0/,Dallas Mavericks - Boston Celtics 
https://www.oddsportal.com/basketball/usa/nba/dallas-mavericks-memphis-grizzlies-EVvO2Qr7/,Dallas Mavericks - Memphis Grizzlies 
https://www.oddsportal.com/basketball/usa/nba/houston-rockets-chicago-bulls-65yG4nEf/,Houston Rockets - Chicago Bulls 
https://www.oddsportal.com/basketball/usa/nba/los-angeles-clippers-brooklyn-nets-Awr768qr/,Los Angeles Clippers - Brooklyn Nets 
https://www.oddsportal.com/basketball/usa/nba/los-angeles-lakers-washington-wizards-61LEPmjK/,Los Angeles Lakers - Washington Wizards 
https://www.oddsportal.com/basketball/usa/nba/milwaukee-bucks-sacramento-kings-IsKwOzFF/,Milwaukee Bucks - Sacramento Kings 
https://www.oddsportal.com/basketball/usa/nba/new-york-knicks-golden-state-warriors-ba0gI5rf/,New York Knicks - Golden State Warriors 
https://www.oddsportal.com/basketball/usa/nba/oklahoma-city-thunder-miami-heat-pdzK36T0/,Oklahoma City Thunder - Miami Heat 
https://www.oddsportal.com/basketball/usa/nba/orlando-magic-detroit-pistons-2X6pKRDs/,Orlando Magic - Detroit Pistons 
https://www.oddsportal.com/basketball/usa/nba/phoenix-suns-portland-trail-blazers-hMwS1pbD/,Phoenix Suns - Portland Trail Blazers 
https://www.oddsportal.com/basketball/usa/nba/toronto-raptors-philadelphia-76ers-plj0BCm0/,Toronto Raptors - Philadelphia 76ers 
https://www.oddsportal.com/basketball/usa/nba/utah-jazz-charlotte-hornets-fRHAQTzE/,Utah Jazz - Charlotte Hornets 
https://www.oddsportal.com/basketball/usa/nba/atlanta-hawks-denver-nuggets-viLZOGa9/,Atlanta Hawks - Denver Nuggets 
https://www.oddsportal.com/basketball/usa/nba/charlotte-hornets-golden-state-warriors-QDQeDJ0c/,Charlotte Hornets - Golden State Warriors 
https://www.oddsportal.com/basketball/usa/nba/chicago-bulls-sacramento-kings-KzQaCwG3/,Chicago Bulls - Sacramento Kings 
https://www.oddsportal.com/basketball/usa/nba/cleveland-cavaliers-oklahoma-city-thunder-Kz2i2ghd/,Cleveland Cavaliers - Oklahoma City Thunder 
https://www.oddsportal.com/basketball/usa/nba/los-angeles-lakers-miami-heat-hQHC9y0M/,Los Angeles Lakers - Miami Heat 
https://www.oddsportal.com/basketball/usa/nba/memphis-grizzlies-phoenix-suns-EZI8AHpG/,Memphis Grizzlies - Phoenix Suns 
https://www.oddsportal.com/basketball/usa/nba/new-orleans-pelicans-boston-celtics-6Xcm3Zxj/,New Orleans Pelicans - Boston Celtics 
https://www.oddsportal.com/basketball/usa/nba/new-york-knicks-minnesota-timberwolves-CUlwQdp3/,New York Knicks - Minnesota Timberwolves 
https://www.oddsportal.com/basketball/usa/nba/orlando-magic-detroit-pistons-YwjZQxVd/,Orlando Magic - Detroit Pistons 
https://www.oddsportal.com/basketball/usa/nba/portland-trail-blazers-washington-wizards-MaMG8eFS/,Portland Trail Blazers - Washington Wizards 
https://www.oddsportal.com/basketball/usa/nba/toronto-raptors-philadelphia-76ers-SCeeChYg/,Toronto Raptors - Philadelphia 76ers 
https://www.oddsportal.com/basketball/usa/nba/los-angeles-clippers-utah-jazz-A5r9kG8j/,Los Angeles Clippers - Utah Jazz 
https://www.oddsportal.com/basketball/usa/nba/memphis-grizzlies-detroit-pistons-I73UdbGG/,Memphis Grizzlies - Detroit Pistons 
https://www.oddsportal.com/basketball/usa/nba/milwaukee-bucks-oklahoma-city-thunder-0WhZeIVM/,Milwaukee Bucks - Oklahoma City Thunder 
https://www.oddsportal.com/basketball/usa/nba/minnesota-timberwolves-toronto-raptors-rsXMiLi3/,Minnesota Timberwolves - Toronto Raptors 
https://www.oddsportal.com/basketball/usa/nba/new-orleans-pelicans-phoenix-suns-EZdwexoT/,New Orleans Pelicans - Phoenix Suns 
https://www.oddsportal.com/basketball/usa/nba/boston-celtics-atlanta-hawks-vH4Qcv1A/,Boston Celtics - Atlanta Hawks 
https://www.oddsportal.com/basketball/usa/nba/cleveland-cavaliers-denver-nuggets-G4tEPvNb/,Cleveland Cavaliers - Denver Nuggets
https://www.oddsportal.com/basketball/usa/nba/los-angeles-lakers-brooklyn-nets-rVORxwPp/,Los Angeles Lakers - Brooklyn Nets 
https://www.oddsportal.com/basketball/usa/nba/orlando-magic-golden-state-warriors-h06Ia0Wc/,Orlando Magic - Golden State Warriors 
https://www.oddsportal.com/basketball/usa/nba/philadelphia-76ers-chicago-bulls-Wj5MbKo4/,Philadelphia 76ers - Chicago Bulls 
https://www.oddsportal.com/basketball/usa/nba/sacramento-kings-miami-heat-dYC91M1o/,Sacramento Kings - Miami Heat 
https://www.oddsportal.com/basketball/usa/nba/chicago-bulls-detroit-pistons-MgJlaVNE/,Chicago Bulls - Detroit Pistons 
https://www.oddsportal.com/basketball/usa/nba/golden-state-warriors-miami-heat-Oprera1N/,Golden State Warriors - Miami Heat 
https://www.oddsportal.com/basketball/usa/nba/golden-state-warriors-miami-heat-Oprera1N/,Golden State Warriors - Miami Heat 
https://www.oddsportal.com/basketball/usa/nba/los-angeles-clippers-utah-jazz-tMx0sJGT/,Los Angeles Clippers - Utah Jazz 
https://www.oddsportal.com/basketball/usa/nba/los-angeles-clippers-utah-jazz-tMx0sJGT/,Los Angeles Clippers - Utah Jazz 
https://www.oddsportal.com/basketball/usa/nba/memphis-grizzlies-oklahoma-city-thunder-0bTboznU/,Memphis Grizzlies - Oklahoma City Thunder 
https://www.oddsportal.com/basketball/usa/nba/milwaukee-bucks-toronto-raptors-4jYIh1xc/,Milwaukee Bucks - Toronto Raptors 
https://www.oddsportal.com/basketball/usa/nba/minnesota-timberwolves-indiana-pacers-hnRqo1H4/,Minnesota Timberwolves - Indiana Pacers 
https://www.oddsportal.com/basketball/usa/nba/new-orleans-pelicans-portland-trail-blazers-jXqmpLWA/,New Orleans Pelicans - Portland Trail Blazers 
https://www.oddsportal.com/basketball/usa/nba/washington-wizards-denver-nuggets-2cYWm3Xo/,Washington Wizards - Denver Nuggets 
https://www.oddsportal.com/basketball/usa/nba/boston-celtics-atlanta-hawks-WWxymNnh/,Boston Celtics - Atlanta Hawks 
https://www.oddsportal.com/basketball/usa/nba/memphis-grizzlies-new-orleans-pelicans-jc3BlF6a/,Memphis Grizzlies - New Orleans Pelicans 
https://www.oddsportal.com/basketball/usa/nba/milwaukee-bucks-toronto-raptors-jmpyUHad/,Milwaukee Bucks - Toronto Raptors 
https://www.oddsportal.com/basketball/usa/nba/minnesota-timberwolves-los-angeles-lakers-Um2FmZL5/,Minnesota Timberwolves - Los Angeles Lakers 
https://www.oddsportal.com/basketball/usa/nba/oklahoma-city-thunder-portland-trail-blazers-AaJCngyC/,Oklahoma City Thunder - Portland Trail Blazers 
https://www.oddsportal.com/basketball/usa/nba/orlando-magic-new-york-knicks-O6ZSlqIu/,Orlando Magic - New York Knicks 
https://www.oddsportal.com/basketball/usa/nba/philadelphia-76ers-houston-rockets-ANyuns2b/,Philadelphia 76ers - Houston Rockets 
https://www.oddsportal.com/basketball/usa/nba/phoenix-suns-brooklyn-nets-ljIGoDjI/,Phoenix Suns - Brooklyn Nets 
https://www.oddsportal.com/basketball/usa/nba/boston-celtics-denver-nuggets-rXa3jyxm/,Boston Celtics - Denver Nuggets 
https://www.oddsportal.com/basketball/usa/nba/golden-state-warriors-cleveland-cavaliers-zTgmp0FD/,Golden State Warriors - Cleveland Cavaliers 
https://www.oddsportal.com/basketball/usa/nba/los-angeles-clippers-miami-heat-OrmV8qhE/,Los Angeles Clippers - Miami Heat 
https://www.oddsportal.com/basketball/usa/nba/sacramento-kings-brooklyn-nets-08AbiHMt/,Sacramento Kings - Brooklyn Nets 
https://www.oddsportal.com/basketball/usa/nba/utah-jazz-philadelphia-76ers-dxeqot07/,Utah Jazz - Philadelphia 76ers 
https://www.oddsportal.com/basketball/usa/nba/denver-nuggets-los-angeles-lakers-GINieQNE/,Denver Nuggets - Los Angeles Lakers 
https://www.oddsportal.com/basketball/usa/nba/indiana-pacers-chicago-bulls-8G2WmrGl/,Indiana Pacers - Chicago Bulls 
https://www.oddsportal.com/basketball/usa/nba/los-angeles-clippers-cleveland-cavaliers-UP3SlO0r/,Los Angeles Clippers - Cleveland Cavaliers 
https://www.oddsportal.com/basketball/usa/nba/new-york-knicks-atlanta-hawks-ED5vnMp1/,New York Knicks - Atlanta Hawks 
https://www.oddsportal.com/basketball/usa/nba/oklahoma-city-thunder-milwaukee-bucks-2FJmd688/,Oklahoma City Thunder - Milwaukee Bucks 
https://www.oddsportal.com/basketball/usa/nba/phoenix-suns-orlando-magic-AuNefpwL/,Phoenix Suns - Orlando Magic 
https://www.oddsportal.com/basketball/usa/nba/sacramento-kings-memphis-grizzlies-lWLag4hR/,Sacramento Kings - Memphis Grizzlies 
https://www.oddsportal.com/basketball/usa/nba/washington-wizards-houston-rockets-2w2zm2Vf/,Washington Wizards - Houston Rockets 
https://www.oddsportal.com/basketball/usa/nba/charlotte-hornets-san-antonio-spurs-0Au5XMV7/,Charlotte Hornets - San Antonio Spurs 
https://www.oddsportal.com/basketball/usa/nba/dallas-mavericks-portland-trail-blazers-SrScZr1e/,Dallas Mavericks - Portland Trail Blazers 
https://www.oddsportal.com/basketball/usa/nba/detroit-pistons-new-orleans-pelicans-2wbK5qRh/,Detroit Pistons - New Orleans Pelicans 
https://www.oddsportal.com/basketball/usa/nba/golden-state-warriors-brooklyn-nets-6Twky5Wr/,Golden State Warriors - Brooklyn Nets 
https://www.oddsportal.com/basketball/usa/nba/new-york-knicks-houston-rockets-U7nNuoOR/,New York Knicks - Houston Rockets 
https://www.oddsportal.com/basketball/usa/nba/toronto-raptors-minnesota-timberwolves-vDtXUcpj/,Toronto Raptors - Minnesota Timberwolves 
https://www.oddsportal.com/basketball/usa/nba/utah-jazz-miami-heat-lhTgzPok/,Utah Jazz - Miami Heat 
https://www.oddsportal.com/basketball/usa/nba/washington-wizards-boston-celtics-4KoclEge/,Washington Wizards - Boston Celtics 
https://www.oddsportal.com/basketball/usa/nba/atlanta-hawks-indiana-pacers-zomJtR8L/,Atlanta Hawks - Indiana Pacers 
https://www.oddsportal.com/basketball/usa/nba/boston-celtics-detroit-pistons-MJt1Y2G1/,Boston Celtics - Detroit Pistons 
https://www.oddsportal.com/basketball/usa/nba/chicago-bulls-los-angeles-clippers-EZEBNo2q/,Chicago Bulls - Los Angeles Clippers 
https://www.oddsportal.com/basketball/usa/nba/denver-nuggets-oklahoma-city-thunder-hQDFM5Hk/,Denver Nuggets - Oklahoma City Thunder 
https://www.oddsportal.com/basketball/usa/nba/los-angeles-lakers-memphis-grizzlies-nP6OKqn2/,Los Angeles Lakers - Memphis Grizzlies 
https://www.oddsportal.com/basketball/usa/nba/phoenix-suns-philadelphia-76ers-dflFs7gF/,Phoenix Suns - Philadelphia 76ers 
https://www.oddsportal.com/basketball/usa/nba/portland-trail-blazers-cleveland-cavaliers-0Sf6qTO2/,Portland Trail Blazers - Cleveland Cavaliers 
https://www.oddsportal.com/basketball/usa/nba/sacramento-kings-orlando-magic-vJgArmv9/,Sacramento Kings - Orlando Magic 
https://www.oddsportal.com/basketball/usa/nba/utah-jazz-milwaukee-bucks-zk3KLPWe/,Utah Jazz - Milwaukee Bucks 
https://www.oddsportal.com/basketball/usa/nba/atlanta-hawks-san-antonio-spurs-riOuT7vM/,Atlanta Hawks - San Antonio Spurs 
https://www.oddsportal.com/basketball/usa/nba/charlotte-hornets-minnesota-timberwolves-nPUWUT99/,Charlotte Hornets - Minnesota Timberwolves 
https://www.oddsportal.com/basketball/usa/nba/dallas-mavericks-new-orleans-pelicans-MsNqSRgS/,Dallas Mavericks - New Orleans Pelicans 
https://www.oddsportal.com/basketball/usa/nba/detroit-pistons-indiana-pacers-zTRq9nmj/,Detroit Pistons - Indiana Pacers 
https://www.oddsportal.com/basketball/usa/nba/golden-state-warriors-orlando-magic-EBWOWkuc/,Golden State Warriors - Orlando Magic 
https://www.oddsportal.com/basketball/usa/nba/portland-trail-blazers-philadelphia-76ers-h2VSV9f3/,Portland Trail Blazers - Philadelphia 76ers 
https://www.oddsportal.com/basketball/usa/nba/washington-wizards-new-york-knicks-0SYzUmPF/,Washington Wizards - New York Knicks 
https://www.oddsportal.com/basketball/usa/nba/boston-celtics-toronto-raptors-dliSVwVq/,Boston Celtics - Toronto Raptors 
https://www.oddsportal.com/basketball/usa/nba/brooklyn-nets-indiana-pacers-feykKCei/,Brooklyn Nets - Indiana Pacers 
https://www.oddsportal.com/basketball/usa/nba/chicago-bulls-new-orleans-pelicans-z5qcIjQ3/,Chicago Bulls - New Orleans Pelicans 
https://www.oddsportal.com/basketball/usa/nba/denver-nuggets-cleveland-cavaliers-MLo9FlAM/,Denver Nuggets - Cleveland Cavaliers 
https://www.oddsportal.com/basketball/usa/nba/houston-rockets-miami-heat-EJQm862d/,Houston Rockets - Miami Heat 
https://www.oddsportal.com/basketball/usa/nba/los-angeles-lakers-oklahoma-city-thunder-t6SuASXq/,Los Angeles Lakers - Oklahoma City Thunder 
https://www.oddsportal.com/basketball/usa/nba/memphis-grizzlies-charlotte-hornets-Eer1HAuA/,Memphis Grizzlies - Charlotte Hornets 
https://www.oddsportal.com/basketball/usa/nba/minnesota-timberwolves-los-angeles-clippers-rVn5GUfG/,Minnesota Timberwolves - Los Angeles Clippers 
https://www.oddsportal.com/basketball/usa/nba/phoenix-suns-milwaukee-bucks-4pyEE8PS/,Phoenix Suns - Milwaukee Bucks 
https://www.oddsportal.com/basketball/usa/nba/dallas-mavericks-atlanta-hawks-htfhJWAc/,Dallas Mavericks - Atlanta Hawks 
https://www.oddsportal.com/basketball/usa/nba/portland-trail-blazers-orlando-magic-21l3d93p/,Portland Trail Blazers - Orlando Magic 
https://www.oddsportal.com/basketball/usa/nba/sacramento-kings-philadelphia-76ers-thm7eTIj/,Sacramento Kings - Philadelphia 76ers 
https://www.oddsportal.com/basketball/usa/nba/san-antonio-spurs-golden-state-warriors-80WUEHJB/,San Antonio Spurs - Golden State Warriors 
https://www.oddsportal.com/basketball/usa/nba/utah-jazz-boston-celtics-niVYDyZH/,Utah Jazz - Boston Celtics 
https://www.oddsportal.com/basketball/usa/nba/washington-wizards-toronto-raptors-fu50zKMS/,Washington Wizards - Toronto Raptors 
https://www.oddsportal.com/basketball/usa/nba/chicago-bulls-washington-wizards-KGBi1bkC/,Chicago Bulls - Washington Wizards 
https://www.oddsportal.com/basketball/usa/nba/dallas-mavericks-minnesota-timberwolves-EwBe0I4I/,Dallas Mavericks - Minnesota Timberwolves 
https://www.oddsportal.com/basketball/usa/nba/denver-nuggets-milwaukee-bucks-WfuAJu5t/,Denver Nuggets - Milwaukee Bucks 
https://www.oddsportal.com/basketball/usa/nba/detroit-pistons-brooklyn-nets-IBwIHJZh/,Detroit Pistons - Brooklyn Nets 
https://www.oddsportal.com/basketball/usa/nba/los-angeles-lakers-oklahoma-city-thunder-vLvEIaKn/,Los Angeles Lakers - Oklahoma City Thunder 
https://www.oddsportal.com/basketball/usa/nba/memphis-grizzlies-toronto-raptors-Q50dy07M/,Memphis Grizzlies - Toronto Raptors 
https://www.oddsportal.com/basketball/usa/nba/miami-heat-new-york-knicks-0zTMGwka/,Miami Heat - New York Knicks 
https://www.oddsportal.com/basketball/usa/nba/new-orleans-pelicans-houston-rockets-EwXQFc45/,New Orleans Pelicans - Houston Rockets 
https://www.oddsportal.com/basketball/usa/nba/phoenix-suns-cleveland-cavaliers-UogrOLdP/,Phoenix Suns - Cleveland Cavaliers 
https://www.oddsportal.com/basketball/usa/nba/san-antonio-spurs-golden-state-warriors-StFaaxKO/,San Antonio Spurs - Golden State Warriors 
https://www.oddsportal.com/basketball/usa/nba/charlotte-hornets-houston-rockets-tQCm2vz6/,Charlotte Hornets - Houston Rockets 
https://www.oddsportal.com/basketball/usa/nba/atlanta-hawks-toronto-raptors-nF1hxthG/,Atlanta Hawks - Toronto Raptors 
https://www.oddsportal.com/basketball/usa/nba/charlotte-hornets-washington-wizards-zDBXSC3r/,Charlotte Hornets - Washington Wizards 
https://www.oddsportal.com/basketball/usa/nba/cleveland-cavaliers-milwaukee-bucks-Wfg5k1j0/,Cleveland Cavaliers - Milwaukee Bucks 
https://www.oddsportal.com/basketball/usa/nba/dallas-mavericks-golden-state-warriors-6DoInazJ/,Dallas Mavericks - Golden State Warriors 
https://www.oddsportal.com/basketball/usa/nba/houston-rockets-san-antonio-spurs-pbc9lL56/,Houston Rockets - San Antonio Spurs 
https://www.oddsportal.com/basketball/usa/nba/indiana-pacers-utah-jazz-v1GW5Mzs/,Indiana Pacers - Utah Jazz 
https://www.oddsportal.com/basketball/usa/nba/los-angeles-clippers-sacramento-kings-OlIr3KKa/,Los Angeles Clippers - Sacramento Kings 
https://www.oddsportal.com/basketball/usa/nba/los-angeles-lakers-detroit-pistons-fTv0BrDJ/,Los Angeles Lakers - Detroit Pistons 
https://www.oddsportal.com/basketball/usa/nba/new-orleans-pelicans-memphis-grizzlies-xYg1jsyf/,New Orleans Pelicans - Memphis Grizzlies 
https://www.oddsportal.com/basketball/usa/nba/new-york-knicks-miami-heat-jyKz5tjm/,New York Knicks - Miami Heat 
https://www.oddsportal.com/basketball/usa/nba/oklahoma-city-thunder-minnesota-timberwolves-SMnEmuLC/,Oklahoma City Thunder - Minnesota Timberwolves 
https://www.oddsportal.com/basketball/usa/nba/philadelphia-76ers-brooklyn-nets-bseciNLm/,Philadelphia 76ers - Brooklyn Nets 
https://www.oddsportal.com/basketball/usa/nba/phoenix-suns-boston-celtics-pbJv405g/,Phoenix Suns - Boston Celtics 
https://www.oddsportal.com/basketball/usa/nba/charlotte-hornets-utah-jazz-MoDeqQTQ/,Charlotte Hornets - Utah Jazz 
https://www.oddsportal.com/basketball/usa/nba/los-angeles-clippers-boston-celtics-MoZQb5TD/,Los Angeles Clippers - Boston Celtics 
https://www.oddsportal.com/basketball/usa/nba/miami-heat-washington-wizards-CGizxrM0/,Miami Heat - Washington Wizards 
https://www.oddsportal.com/basketball/usa/nba/new-york-knicks-portland-trail-blazers-zkwVcPrK/,New York Knicks - Portland Trail Blazers 
https://www.oddsportal.com/basketball/usa/nba/oklahoma-city-thunder-minnesota-timberwolves-tjdvy2y7/,Oklahoma City Thunder - Minnesota Timberwolves 
https://www.oddsportal.com/basketball/usa/nba/orlando-magic-chicago-bulls-WKO0h36s/,Orlando Magic - Chicago Bulls 
https://www.oddsportal.com/basketball/usa/nba/phoenix-suns-detroit-pistons-KterzMjD/,Phoenix Suns - Detroit Pistons 
https://www.oddsportal.com/basketball/usa/nba/sacramento-kings-denver-nuggets-UBxZdqbQ/,Sacramento Kings - Denver Nuggets 
https://www.oddsportal.com/basketball/usa/nba/brooklyn-nets-toronto-raptors-4jCmwMxA/,Brooklyn Nets - Toronto Raptors 
https://www.oddsportal.com/basketball/usa/nba/cleveland-cavaliers-milwaukee-bucks-YPhWxO6f/,Cleveland Cavaliers - Milwaukee Bucks 
https://www.oddsportal.com/basketball/usa/nba/indiana-pacers-new-orleans-pelicans-vRaNvpxr/,Indiana Pacers - New Orleans Pelicans 
https://www.oddsportal.com/basketball/usa/nba/los-angeles-lakers-denver-nuggets-reEip6EK/,Los Angeles Lakers - Denver Nuggets 
https://www.oddsportal.com/basketball/usa/nba/memphis-grizzlies-houston-rockets-QJJnonaE/,Memphis Grizzlies - Houston Rockets 
https://www.oddsportal.com/basketball/usa/nba/orlando-magic-chicago-bulls-j13Rw4il/,Orlando Magic - Chicago Bulls 
https://www.oddsportal.com/basketball/usa/nba/philadelphia-76ers-portland-trail-blazers-KMSdOOi1/,Philadelphia 76ers - Portland Trail Blazers 
https://www.oddsportal.com/basketball/usa/nba/atlanta-hawks-utah-jazz-YPW0Nr77/,Atlanta Hawks - Utah Jazz 
https://www.oddsportal.com/basketball/usa/nba/chicago-bulls-new-york-knicks-WhSBqZN9/,Chicago Bulls - New York Knicks 
https://www.oddsportal.com/basketball/usa/nba/cleveland-cavaliers-los-angeles-clippers-6ifJwqzi/,Cleveland Cavaliers - Los Angeles Clippers 
https://www.oddsportal.com/basketball/usa/nba/dallas-mavericks-golden-state-warriors-nTKrnSq8/,Dallas Mavericks - Golden State Warriors 
https://www.oddsportal.com/basketball/usa/nba/miami-heat-washington-wizards-IkO7pF83/,Miami Heat - Washington Wizards 
https://www.oddsportal.com/basketball/usa/nba/new-orleans-pelicans-phoenix-suns-b7vlQpNl/,New Orleans Pelicans - Phoenix Suns 
https://www.oddsportal.com/basketball/usa/nba/oklahoma-city-thunder-houston-rockets-EHHGrgwG/,Oklahoma City Thunder - Houston Rockets 
https://www.oddsportal.com/basketball/usa/nba/sacramento-kings-boston-celtics-xbwhP4xe/,Sacramento Kings - Boston Celtics 
https://www.oddsportal.com/basketball/usa/nba/san-antonio-spurs-minnesota-timberwolves-jsupRQ7r/,San Antonio Spurs - Minnesota Timberwolves 
https://www.oddsportal.com/basketball/usa/nba/atlanta-hawks-dallas-mavericks-OSO3oegc/,Atlanta Hawks - Dallas Mavericks 
https://www.oddsportal.com/basketball/usa/nba/charlotte-hornets-philadelphia-76ers-S0eFvPKp/,Charlotte Hornets - Philadelphia 76ers 
https://www.oddsportal.com/basketball/usa/nba/golden-state-warriors-boston-celtics-AL8mq5CT/,Golden State Warriors - Boston Celtics 
https://www.oddsportal.com/basketball/usa/nba/indiana-pacers-memphis-grizzlies-jL1yn7SA/,Indiana Pacers - Memphis Grizzlies 
https://www.oddsportal.com/basketball/usa/nba/milwaukee-bucks-indiana-pacers-pxQanyvi/,Milwaukee Bucks - Indiana Pacers 
https://www.oddsportal.com/basketball/usa/nba/utah-jazz-detroit-pistons-CzjppocN/,Utah Jazz - Detroit Pistons 
https://www.oddsportal.com/basketball/usa/nba/washington-wizards-portland-trail-blazers-SQddje07/,Washington Wizards - Portland Trail Blazers 
https://www.oddsportal.com/basketball/usa/nba/brooklyn-nets-los-angeles-clippers-UB0uoRsH/,Brooklyn Nets - Los Angeles Clippers 
https://www.oddsportal.com/basketball/usa/nba/chicago-bulls-new-york-knicks-j5DDWRSN/,Chicago Bulls - New York Knicks 
https://www.oddsportal.com/basketball/usa/nba/cleveland-cavaliers-minnesota-timberwolves-4lB1ZTr5/,Cleveland Cavaliers - Minnesota Timberwolves 
https://www.oddsportal.com/basketball/usa/nba/dallas-mavericks-phoenix-suns-0W8Ol9rh/,Dallas Mavericks - Phoenix Suns 
https://www.oddsportal.com/basketball/usa/nba/milwaukee-bucks-portland-trail-blazers-WGUAVorU/,Milwaukee Bucks - Portland Trail Blazers 
https://www.oddsportal.com/basketball/usa/nba/new-orleans-pelicans-sacramento-kings-YPGxR5jo/,New Orleans Pelicans - Sacramento Kings 
https://www.oddsportal.com/basketball/usa/nba/oklahoma-city-thunder-houston-rockets-nT4KkkTo/,Oklahoma City Thunder - Houston Rockets 
https://www.oddsportal.com/basketball/usa/nba/orlando-magic-toronto-raptors-jm8qv2N3/,Orlando Magic - Toronto Raptors 
https://www.oddsportal.com/basketball/usa/nba/san-antonio-spurs-memphis-grizzlies-rebTmTcb/,San Antonio Spurs - Memphis Grizzlies 
https://www.oddsportal.com/basketball/usa/nba/atlanta-hawks-los-angeles-lakers-IiF5YmbB/,Atlanta Hawks - Los Angeles Lakers 
https://www.oddsportal.com/basketball/usa/nba/miami-heat-charlotte-hornets-CEE9X7DH/,Miami Heat - Charlotte Hornets 
https://www.oddsportal.com/basketball/usa/nba/minnesota-timberwolves-cleveland-cavaliers-MPLdzATb/,Minnesota Timberwolves - Cleveland Cavaliers 
https://www.oddsportal.com/basketball/usa/nba/boston-celtics-los-angeles-lakers-8MeNLAE5/,Boston Celtics - Los Angeles Lakers 
https://www.oddsportal.com/basketball/usa/nba/charlotte-hornets-milwaukee-bucks-M5gBOCUn/,Charlotte Hornets - Milwaukee Bucks 
https://www.oddsportal.com/basketball/usa/nba/chicago-bulls-portland-trail-blazers-vs46PhFt/,Chicago Bulls - Portland Trail Blazers 
https://www.oddsportal.com/basketball/usa/nba/dallas-mavericks-phoenix-suns-QcjSKUTB/,Dallas Mavericks - Phoenix Suns 
https://www.oddsportal.com/basketball/usa/nba/denver-nuggets-utah-jazz-AohvISDU/,Denver Nuggets - Utah Jazz 
https://www.oddsportal.com/basketball/usa/nba/golden-state-warriors-detroit-pistons-bBlzJ8bO/,Golden State Warriors - Detroit Pistons 
https://www.oddsportal.com/basketball/usa/nba/indiana-pacers-philadelphia-76ers-z9JpwCqt/,Indiana Pacers - Philadelphia 76ers 
https://www.oddsportal.com/basketball/usa/nba/miami-heat-sacramento-kings-UVdJMjaa/,Miami Heat - Sacramento Kings 
https://www.oddsportal.com/basketball/usa/nba/new-orleans-pelicans-houston-rockets-z9cFNWqg/,New Orleans Pelicans - Houston Rockets 
https://www.oddsportal.com/basketball/usa/nba/new-york-knicks-los-angeles-clippers-EaIlxWbn/,New York Knicks - Los Angeles Clippers 
https://www.oddsportal.com/basketball/usa/nba/san-antonio-spurs-memphis-grizzlies-4lkWJlqI/,San Antonio Spurs - Memphis Grizzlies 
https://www.oddsportal.com/basketball/usa/nba/toronto-raptors-orlando-magic-dQ8uur8c/,Toronto Raptors - Orlando Magic 
https://www.oddsportal.com/basketball/usa/nba/washington-wizards-brooklyn-nets-rZMhyjEh/,Washington Wizards - Brooklyn Nets 
https://www.oddsportal.com/basketball/usa/nba/minnesota-timberwolves-philadelphia-76ers-21Ql7BaC/,Minnesota Timberwolves - Philadelphia 76ers 
https://www.oddsportal.com/basketball/usa/nba/oklahoma-city-thunder-brooklyn-nets-pQFg6VEI/,Oklahoma City Thunder - Brooklyn Nets 
https://www.oddsportal.com/basketball/usa/nba/orlando-magic-los-angeles-clippers-b9TXAg0m/,Orlando Magic - Los Angeles Clippers 
https://www.oddsportal.com/basketball/usa/nba/san-antonio-spurs-denver-nuggets-OGEc5kUO/,San Antonio Spurs - Denver Nuggets 
https://www.oddsportal.com/basketball/usa/nba/utah-jazz-dallas-mavericks-xYHvUY6P/,Utah Jazz - Dallas Mavericks 
https://www.oddsportal.com/basketball/usa/nba/charlotte-hornets-indiana-pacers-KIUTBZps/,Charlotte Hornets - Indiana Pacers 
https://www.oddsportal.com/basketball/usa/nba/detroit-pistons-los-angeles-lakers-ziQ96v91/,Detroit Pistons - Los Angeles Lakers 
https://www.oddsportal.com/basketball/usa/nba/miami-heat-los-angeles-clippers-EsPD5bO7/,Miami Heat - Los Angeles Clippers 
https://www.oddsportal.com/basketball/usa/nba/new-orleans-pelicans-milwaukee-bucks-lbMp8ip6/,New Orleans Pelicans - Milwaukee Bucks 
https://www.oddsportal.com/basketball/usa/nba/new-york-knicks-cleveland-cavaliers-fyNt9XUa/,New York Knicks - Cleveland Cavaliers 
https://www.oddsportal.com/basketball/usa/nba/phoenix-suns-golden-state-warriors-Gn3dUs18/,Phoenix Suns - Golden State Warriors 
https://www.oddsportal.com/basketball/usa/nba/toronto-raptors-sacramento-kings-IZ9ytOhi/,Toronto Raptors - Sacramento Kings 
https://www.oddsportal.com/basketball/usa/nba/washington-wizards-atlanta-hawks-GpOxADFg/,Washington Wizards - Atlanta Hawks 
https://www.oddsportal.com/basketball/usa/nba/golden-state-warriors-minnesota-timberwolves-6HL57Kge/,Golden State Warriors - Minnesota Timberwolves 
https://www.oddsportal.com/basketball/usa/nba/houston-rockets-portland-trail-blazers-SM60T1GE/,Houston Rockets - Portland Trail Blazers 
https://www.oddsportal.com/basketball/usa/nba/new-orleans-pelicans-washington-wizards-EJtRE21L/,New Orleans Pelicans - Washington Wizards 
https://www.oddsportal.com/basketball/usa/nba/phoenix-suns-oklahoma-city-thunder-p2Xd9tPr/,Phoenix Suns - Oklahoma City Thunder 
https://www.oddsportal.com/basketball/usa/nba/san-antonio-spurs-boston-celtics-8ttVDMGR/,San Antonio Spurs - Boston Celtics 
https://www.oddsportal.com/basketball/usa/nba/utah-jazz-dallas-mavericks-SQM180vk/,Utah Jazz - Dallas Mavericks 
https://www.oddsportal.com/basketball/usa/nba/atlanta-hawks-brooklyn-nets-2NwvgLv2/,Atlanta Hawks - Brooklyn Nets 
https://www.oddsportal.com/basketball/usa/nba/charlotte-hornets-indiana-pacers-S4oReNfq/,Charlotte Hornets - Indiana Pacers 
https://www.oddsportal.com/basketball/usa/nba/cleveland-cavaliers-detroit-pistons-6epVfsAk/,Cleveland Cavaliers - Detroit Pistons 
https://www.oddsportal.com/basketball/usa/nba/houston-rockets-washington-wizards-dMfe1qXL/,Houston Rockets - Washington Wizards 
https://www.oddsportal.com/basketball/usa/nba/miami-heat-denver-nuggets-GQRLH4H2/,Miami Heat - Denver Nuggets 
https://www.oddsportal.com/basketball/usa/nba/orlando-magic-sacramento-kings-lKZZg1Pe/,Orlando Magic - Sacramento Kings 
https://www.oddsportal.com/basketball/usa/nba/philadelphia-76ers-los-angeles-lakers-fHQPGOW8/,Philadelphia 76ers - Los Angeles Lakers 
https://www.oddsportal.com/basketball/usa/nba/toronto-raptors-milwaukee-bucks-WWl1HvGj/,Toronto Raptors - Milwaukee Bucks 
https://www.oddsportal.com/basketball/usa/nba/utah-jazz-new-york-knicks-zDga03nS/,Utah Jazz - New York Knicks 
https://www.oddsportal.com/basketball/usa/nba/atlanta-hawks-los-angeles-clippers-Ec5j2PHF/,Atlanta Hawks - Los Angeles Clippers 
https://www.oddsportal.com/basketball/usa/nba/chicago-bulls-boston-celtics-YT6lr4Qq/,Chicago Bulls - Boston Celtics 
https://www.oddsportal.com/basketball/usa/nba/cleveland-cavaliers-los-angeles-lakers-d8FMnpIS/,Cleveland Cavaliers - Los Angeles Lakers 
https://www.oddsportal.com/basketball/usa/nba/dallas-mavericks-denver-nuggets-ralu5RXd/,Dallas Mavericks - Denver Nuggets 
https://www.oddsportal.com/basketball/usa/nba/golden-state-warriors-minnesota-timberwolves-Mkmq4om3/,Golden State Warriors - Minnesota Timberwolves 
https://www.oddsportal.com/basketball/usa/nba/portland-trail-blazers-oklahoma-city-thunder-GCnm3529/,Portland Trail Blazers - Oklahoma City Thunder 
https://www.oddsportal.com/basketball/usa/nba/brooklyn-nets-miami-heat-EqQHmQ2M/,Brooklyn Nets - Miami Heat 
https://www.oddsportal.com/basketball/usa/nba/detroit-pistons-philadelphia-76ers-SSR9knY9/,Detroit Pistons - Philadelphia 76ers 
https://www.oddsportal.com/basketball/usa/nba/indiana-pacers-toronto-raptors-htjcIK0p/,Indiana Pacers - Toronto Raptors 
https://www.oddsportal.com/basketball/usa/nba/milwaukee-bucks-atlanta-hawks-hAZdhlli/,Milwaukee Bucks - Atlanta Hawks 
https://www.oddsportal.com/basketball/usa/nba/orlando-magic-charlotte-hornets-zgRDl6mG/,Orlando Magic - Charlotte Hornets 
https://www.oddsportal.com/basketball/usa/nba/portland-trail-blazers-new-york-knicks-lxT5jSI3/,Portland Trail Blazers - New York Knicks 
https://www.oddsportal.com/basketball/usa/nba/san-antonio-spurs-washington-wizards-v7oFT4Bj/,San Antonio Spurs - Washington Wizards 
https://www.oddsportal.com/basketball/usa/nba/boston-celtics-cleveland-cavaliers-tW5vz7YM/,Boston Celtics - Cleveland Cavaliers 
https://www.oddsportal.com/basketball/usa/nba/brooklyn-nets-miami-heat-ppAJvVJi/,Brooklyn Nets - Miami Heat 
https://www.oddsportal.com/basketball/usa/nba/chicago-bulls-los-angeles-lakers-EJENwkZc/,Chicago Bulls - Los Angeles Lakers 
https://www.oddsportal.com/basketball/usa/nba/dallas-mavericks-houston-rockets-zZ2WyT3A/,Dallas Mavericks - Houston Rockets 
https://www.oddsportal.com/basketball/usa/nba/detroit-pistons-philadelphia-76ers-6gBFuB4o/,Detroit Pistons - Philadelphia 76ers 
https://www.oddsportal.com/basketball/usa/nba/indiana-pacers-toronto-raptors-z13VM0hT/,Indiana Pacers - Toronto Raptors 
https://www.oddsportal.com/basketball/usa/nba/los-angeles-clippers-oklahoma-city-thunder-KM4rZQmT/,Los Angeles Clippers - Oklahoma City Thunder 
https://www.oddsportal.com/basketball/usa/nba/minnesota-timberwolves-new-orleans-pelicans-hADRx9l4/,Minnesota Timberwolves - New Orleans Pelicans 
https://www.oddsportal.com/basketball/usa/nba/orlando-magic-charlotte-hornets-0GnBUpdp/,Orlando Magic - Charlotte Hornets 
https://www.oddsportal.com/basketball/usa/nba/phoenix-suns-denver-nuggets-n96zymJG/,Phoenix Suns - Denver Nuggets 
https://www.oddsportal.com/basketball/usa/nba/utah-jazz-golden-state-warriors-4lXWGRRp/,Utah Jazz - Golden State Warriors 
https://www.oddsportal.com/basketball/usa/nba/sacramento-kings-new-york-knicks-hC43YgcI/,Sacramento Kings - New York Knicks 
https://www.oddsportal.com/basketball/usa/nba/detroit-pistons-houston-rockets-fs4ULGDC/,Detroit Pistons - Houston Rockets 
https://www.oddsportal.com/basketball/usa/nba/golden-state-warriors-new-york-knicks-0rBLNxq0/,Golden State Warriors - New York Knicks 
https://www.oddsportal.com/basketball/usa/nba/indiana-pacers-orlando-magic-YX2YKzTI/,Indiana Pacers - Orlando Magic 
https://www.oddsportal.com/basketball/usa/nba/utah-jazz-new-orleans-pelicans-6LBHOITg/,Utah Jazz - New Orleans Pelicans 
https://www.oddsportal.com/basketball/usa/nba/golden-state-warriors-san-antonio-spurs-ENWxW0yK/,Golden State Warriors - San Antonio Spurs 
https://www.oddsportal.com/basketball/usa/nba/houston-rockets-phoenix-suns-0KSYWtMD/,Houston Rockets - Phoenix Suns 
https://www.oddsportal.com/basketball/usa/nba/los-angeles-clippers-sacramento-kings-8pWtVKjQ/,Los Angeles Clippers - Sacramento Kings 
https://www.oddsportal.com/basketball/usa/nba/milwaukee-bucks-los-angeles-lakers-SUCDPbEm/,Milwaukee Bucks - Los Angeles Lakers 
https://www.oddsportal.com/basketball/usa/nba/minnesota-timberwolves-orlando-magic-dn2hOlID/,Minnesota Timberwolves - Orlando Magic 
https://www.oddsportal.com/basketball/usa/nba/atlanta-hawks-detroit-pistons-Ie3lPU27/,Atlanta Hawks - Detroit Pistons 
https://www.oddsportal.com/basketball/usa/nba/cleveland-cavaliers-brooklyn-nets-lGFySWIl/,Cleveland Cavaliers - Brooklyn Nets 
https://www.oddsportal.com/basketball/usa/nba/denver-nuggets-oklahoma-city-thunder-vsQ1YYuL/,Denver Nuggets - Oklahoma City Thunder 
https://www.oddsportal.com/basketball/usa/nba/indiana-pacers-dallas-mavericks-Wv5tRjYf/,Indiana Pacers - Dallas Mavericks 
https://www.oddsportal.com/basketball/usa/nba/philadelphia-76ers-boston-celtics-AV3pQAm1/,Philadelphia 76ers - Boston Celtics 
https://www.oddsportal.com/basketball/usa/nba/toronto-raptors-miami-heat-vZ9MOMNG/,Toronto Raptors - Miami Heat 
https://www.oddsportal.com/basketball/usa/nba/utah-jazz-new-orleans-pelicans-IXO5XheR/,Utah Jazz - New Orleans Pelicans 
https://www.oddsportal.com/basketball/usa/nba/chicago-bulls-houston-rockets-rFWhzeB8/,Chicago Bulls - Houston Rockets 
https://www.oddsportal.com/basketball/usa/nba/los-angeles-lakers-golden-state-warriors-M5VdZEQE/,Los Angeles Lakers - Golden State Warriors 
https://www.oddsportal.com/basketball/usa/nba/miami-heat-detroit-pistons-AByaEDlk/,Miami Heat - Detroit Pistons 
https://www.oddsportal.com/basketball/usa/nba/atlanta-hawks-minnesota-timberwolves-txXfFgZr/,Atlanta Hawks - Minnesota Timberwolves 
https://www.oddsportal.com/basketball/usa/nba/brooklyn-nets-milwaukee-bucks-UBrBBBY7/,Brooklyn Nets - Milwaukee Bucks 
https://www.oddsportal.com/basketball/usa/nba/denver-nuggets-utah-jazz-AmgCNHR2/,Denver Nuggets - Utah Jazz 
https://www.oddsportal.com/basketball/usa/nba/los-angeles-clippers-indiana-pacers-r1iKLedF/,Los Angeles Clippers - Indiana Pacers 
https://www.oddsportal.com/basketball/usa/nba/memphis-grizzlies-phoenix-suns-WQP7CiJ1/,Memphis Grizzlies - Phoenix Suns
https://www.oddsportal.com/basketball/usa/nba/new-york-knicks-orlando-magic-d4eOKFBL/,New York Knicks - Orlando Magic 
https://www.oddsportal.com/basketball/usa/nba/portland-trail-blazers-san-antonio-spurs-l2z3DX3e/,Portland Trail Blazers - San Antonio Spurs 
https://www.oddsportal.com/basketball/usa/nba/sacramento-kings-new-orleans-pelicans-lvhGMys9/,Sacramento Kings - New Orleans Pelicans 
https://www.oddsportal.com/basketball/usa/nba/toronto-raptors-dallas-mavericks-0rBIP28A/,Toronto Raptors - Dallas Mavericks 
https://www.oddsportal.com/basketball/usa/nba/boston-celtics-new-york-knicks-OvoP1z5q/,Boston Celtics - New York Knicks 
https://www.oddsportal.com/basketball/usa/nba/dallas-mavericks-chicago-bulls-W4lXaEZe/,Dallas Mavericks - Chicago Bulls 
https://www.oddsportal.com/basketball/usa/nba/memphis-grizzlies-philadelphia-76ers-zHTnLO54/,Memphis Grizzlies - Philadelphia 76ers
https://www.oddsportal.com/basketball/usa/nba/miami-heat-detroit-pistons-dQUrM4jb/,Miami Heat - Detroit Pistons 
https://www.oddsportal.com/basketball/usa/nba/portland-trail-blazers-atlanta-hawks-rsXfJ2zH/,Portland Trail Blazers - Atlanta Hawks 
https://www.oddsportal.com/basketball/usa/nba/brooklyn-nets-orlando-magic-E1uvNpyh/,Brooklyn Nets - Orlando Magic 
https://www.oddsportal.com/basketball/usa/nba/los-angeles-lakers-new-orleans-pelicans-nF1Q3NzU/,Los Angeles Lakers - New Orleans Pelicans 
https://www.oddsportal.com/basketball/usa/nba/oklahoma-city-thunder-chicago-bulls-dQ8D6PjB/,Oklahoma City Thunder - Chicago Bulls 
https://www.oddsportal.com/basketball/usa/nba/sacramento-kings-los-angeles-clippers-lOmhasqo/,Sacramento Kings - Los Angeles Clippers 
https://www.oddsportal.com/basketball/usa/nba/san-antonio-spurs-houston-rockets-2RyzOQLo/,San Antonio Spurs - Houston Rockets 
https://www.oddsportal.com/basketball/usa/nba/toronto-raptors-charlotte-hornets-W86EQrg4/,Toronto Raptors - Charlotte Hornets 
https://www.oddsportal.com/basketball/usa/nba/utah-jazz-atlanta-hawks-Uw7L43LN/,Utah Jazz - Atlanta Hawks 
https://www.oddsportal.com/basketball/usa/nba/boston-celtics-orlando-magic-SW1cA7in/,Boston Celtics - Orlando Magic 
https://www.oddsportal.com/basketball/usa/nba/cleveland-cavaliers-new-york-knicks-M7G09R6h/,Cleveland Cavaliers - New York Knicks 
https://www.oddsportal.com/basketball/usa/nba/denver-nuggets-golden-state-warriors-AFXripiO/,Denver Nuggets - Golden State Warriors 
https://www.oddsportal.com/basketball/usa/nba/milwaukee-bucks-dallas-mavericks-0bF48oMb/,Milwaukee Bucks - Dallas Mavericks 
https://www.oddsportal.com/basketball/usa/nba/portland-trail-blazers-indiana-pacers-OIymj46U/,Portland Trail Blazers - Indiana Pacers 
https://www.oddsportal.com/basketball/usa/nba/portland-trail-blazers-indiana-pacers-OIymj46U/,Portland Trail Blazers - Indiana Pacers 
https://www.oddsportal.com/basketball/usa/nba/los-angeles-clippers-new-orleans-pelicans-tztSfSia/,Los Angeles Clippers - New Orleans Pelicans 
https://www.oddsportal.com/basketball/usa/nba/los-angeles-clippers-new-orleans-pelicans-tztSfSia/,Los Angeles Clippers - New Orleans Pelicans 
https://www.oddsportal.com/basketball/usa/nba/minnesota-timberwolves-memphis-grizzlies-hEmFcU7t/,Minnesota Timberwolves - Memphis Grizzlies 
https://www.oddsportal.com/basketball/usa/nba/oklahoma-city-thunder-los-angeles-lakers-zwwKdlNn/,Oklahoma City Thunder - Los Angeles Lakers 
https://www.oddsportal.com/basketball/usa/nba/philadelphia-76ers-miami-heat-x2Zzg6MB/,Philadelphia 76ers - Miami Heat 
https://www.oddsportal.com/basketball/usa/nba/philadelphia-76ers-miami-heat-x2Zzg6MB/,Philadelphia 76ers - Miami Heat 
https://www.oddsportal.com/basketball/usa/nba/sacramento-kings-portland-trail-blazers-KQvWgn75/,Sacramento Kings - Portland Trail Blazers 
https://www.oddsportal.com/basketball/usa/nba/sacramento-kings-portland-trail-blazers-KQvWgn75/,Sacramento Kings - Portland Trail Blazers 
https://www.oddsportal.com/basketball/usa/nba/san-antonio-spurs-houston-rockets-GhYvhQyI/,San Antonio Spurs - Houston Rockets 
https://www.oddsportal.com/basketball/usa/nba/san-antonio-spurs-houston-rockets-GhYvhQyI/,San Antonio Spurs - Houston Rockets 
https://www.oddsportal.com/basketball/usa/nba/toronto-raptors-charlotte-hornets-hI7AROwb/,Toronto Raptors - Charlotte Hornets 
https://www.oddsportal.com/basketball/usa/nba/toronto-raptors-charlotte-hornets-hI7AROwb/,Toronto Raptors - Charlotte Hornets 
https://www.oddsportal.com/basketball/usa/nba/charlotte-hornets-dallas-mavericks-SWFhtTx6/,Charlotte Hornets - Dallas Mavericks 
https://www.oddsportal.com/basketball/usa/nba/detroit-pistons-milwaukee-bucks-tzKdumhC/,Detroit Pistons - Milwaukee Bucks 
https://www.oddsportal.com/basketball/usa/nba/golden-state-warriors-indiana-pacers-Y9Gls9Na/,Golden State Warriors - Indiana Pacers 
https://www.oddsportal.com/basketball/usa/nba/houston-rockets-los-angeles-lakers-E70mqVhm/,Houston Rockets - Los Angeles Lakers 
https://www.oddsportal.com/basketball/usa/nba/new-york-knicks-brooklyn-nets-j51m2AaP/,New York Knicks - Brooklyn Nets 
https://www.oddsportal.com/basketball/usa/nba/oklahoma-city-thunder-san-antonio-spurs-fJHprk8g/,Oklahoma City Thunder - San Antonio Spurs 
https://www.oddsportal.com/basketball/usa/nba/brooklyn-nets-denver-nuggets-4YADkXFJ/,Brooklyn Nets - Denver Nuggets 
https://www.oddsportal.com/basketball/usa/nba/cleveland-cavaliers-utah-jazz-IyFHliVP/,Cleveland Cavaliers - Utah Jazz 
https://www.oddsportal.com/basketball/usa/nba/philadelphia-76ers-miami-heat-2TWUQmwJ/,Philadelphia 76ers - Miami Heat 
https://www.oddsportal.com/basketball/usa/nba/portland-trail-blazers-toronto-raptors-AgI5S4Oi/,Portland Trail Blazers - Toronto Raptors 
https://www.oddsportal.com/basketball/usa/nba/sacramento-kings-indiana-pacers-OxYQRTNC/,Sacramento Kings - Indiana Pacers 
https://www.oddsportal.com/basketball/usa/nba/atlanta-hawks-philadelphia-76ers-GCUITkg0/,Atlanta Hawks - Philadelphia 76ers 
https://www.oddsportal.com/basketball/usa/nba/charlotte-hornets-new-york-knicks-4GawlKvF/,Charlotte Hornets - New York Knicks 
https://www.oddsportal.com/basketball/usa/nba/cleveland-cavaliers-memphis-grizzlies-ttN6Wi9s/,Cleveland Cavaliers - Memphis Grizzlies 
https://www.oddsportal.com/basketball/usa/nba/golden-state-warriors-toronto-raptors-bJE1Tp9o/,Golden State Warriors - Toronto Raptors 
https://www.oddsportal.com/basketball/usa/nba/minnesota-timberwolves-san-antonio-spurs-nu5Yl0P8/,Minnesota Timberwolves - San Antonio Spurs 
https://www.oddsportal.com/basketball/usa/nba/orlando-magic-milwaukee-bucks-z3MAVBOm/,Orlando Magic - Milwaukee Bucks 
https://www.oddsportal.com/basketball/usa/nba/washington-wizards-phoenix-suns-YmuEUVwf/,Washington Wizards - Phoenix Suns 
https://www.oddsportal.com/basketball/usa/nba/brooklyn-nets-oklahoma-city-thunder-bJOwTI2k/,Brooklyn Nets - Oklahoma City Thunder 
https://www.oddsportal.com/basketball/usa/nba/dallas-mavericks-orlando-magic-SUlaz1AF/,Dallas Mavericks - Orlando Magic 
https://www.oddsportal.com/basketball/usa/nba/detroit-pistons-utah-jazz-lpw8YvuS/,Detroit Pistons - Utah Jazz 
https://www.oddsportal.com/basketball/usa/nba/houston-rockets-los-angeles-lakers-8l6UktA2/,Houston Rockets - Los Angeles Lakers 
https://www.oddsportal.com/basketball/usa/nba/los-angeles-clippers-chicago-bulls-KSPZTbmq/,Los Angeles Clippers - Chicago Bulls 
https://www.oddsportal.com/basketball/usa/nba/milwaukee-bucks-cleveland-cavaliers-K4oixNu3/,Milwaukee Bucks - Cleveland Cavaliers 
https://www.oddsportal.com/basketball/usa/nba/minnesota-timberwolves-san-antonio-spurs-ERpeyse9/,Minnesota Timberwolves - San Antonio Spurs 
https://www.oddsportal.com/basketball/usa/nba/new-york-knicks-denver-nuggets-trErSxIe/,New York Knicks - Denver Nuggets 
https://www.oddsportal.com/basketball/usa/nba/sacramento-kings-portland-trail-blazers-Agv4ZKPL/,Sacramento Kings - Portland Trail Blazers 
https://www.oddsportal.com/basketball/usa/nba/charlotte-hornets-atlanta-hawks-Q540FaYk/,Charlotte Hornets - Atlanta Hawks 
https://www.oddsportal.com/basketball/usa/nba/golden-state-warriors-los-angeles-clippers-EROPL1eM/,Golden State Warriors - Los Angeles Clippers 
https://www.oddsportal.com/basketball/usa/nba/houston-rockets-orlando-magic-SAMDO3B3/,Houston Rockets - Orlando Magic 
https://www.oddsportal.com/basketball/usa/nba/indiana-pacers-phoenix-suns-4d34EJmd/,Indiana Pacers - Phoenix Suns 
https://www.oddsportal.com/basketball/usa/nba/los-angeles-lakers-chicago-bulls-djEUKLAS/,Los Angeles Lakers - Chicago Bulls 
https://www.oddsportal.com/basketball/usa/nba/memphis-grizzlies-brooklyn-nets-61LHNNQ9/,Memphis Grizzlies - Brooklyn Nets 
https://www.oddsportal.com/basketball/usa/nba/milwaukee-bucks-utah-jazz-zyQLMstG/,Milwaukee Bucks - Utah Jazz 
https://www.oddsportal.com/basketball/usa/nba/philadelphia-76ers-denver-nuggets-Wr5dGuJq/,Philadelphia 76ers - Denver Nuggets 
https://www.oddsportal.com/basketball/usa/nba/sacramento-kings-toronto-raptors-pGQJ41Wp/,Sacramento Kings - Toronto Raptors 
https://www.oddsportal.com/basketball/usa/nba/washington-wizards-miami-heat-tEnmw3Qd/,Washington Wizards - Miami Heat 
https://www.oddsportal.com/basketball/usa/nba/boston-celtics-washington-wizards-IuuN1t4j/,Boston Celtics - Washington Wizards 
https://www.oddsportal.com/basketball/usa/nba/denver-nuggets-dallas-mavericks-GdOj9OBG/,Denver Nuggets - Dallas Mavericks 
https://www.oddsportal.com/basketball/usa/nba/detroit-pistons-phoenix-suns-vktJ2Mlp/,Detroit Pistons - Phoenix Suns 
https://www.oddsportal.com/basketball/usa/nba/los-angeles-lakers-san-antonio-spurs-AJNf8rRM/,Los Angeles Lakers - San Antonio Spurs 
https://www.oddsportal.com/basketball/usa/nba/memphis-grizzlies-cleveland-cavaliers-2gKnA4dA/,Memphis Grizzlies - Cleveland Cavaliers 
https://www.oddsportal.com/basketball/usa/nba/new-orleans-pelicans-charlotte-hornets-pnX8Pqdc/,New Orleans Pelicans - Charlotte Hornets 
https://www.oddsportal.com/basketball/usa/nba/new-york-knicks-oklahoma-city-thunder-WrT4QPti/,New York Knicks - Oklahoma City Thunder 
https://www.oddsportal.com/basketball/usa/nba/portland-trail-blazers-minnesota-timberwolves-lAMb72tT/,Portland Trail Blazers - Minnesota Timberwolves 
https://www.oddsportal.com/basketball/usa/nba/brooklyn-nets-philadelphia-76ers-KUUsBps4/,Brooklyn Nets - Philadelphia 76ers 
https://www.oddsportal.com/basketball/usa/nba/golden-state-warriors-los-angeles-clippers-C4RZC6Ci/,Golden State Warriors - Los Angeles Clippers 
https://www.oddsportal.com/basketball/usa/nba/milwaukee-bucks-detroit-pistons-Uu2k5fgo/,Milwaukee Bucks - Detroit Pistons 
https://www.oddsportal.com/basketball/usa/nba/new-orleans-pelicans-oklahoma-city-thunder-YDSVDnco/,New Orleans Pelicans - Oklahoma City Thunder 
https://www.oddsportal.com/basketball/usa/nba/phoenix-suns-toronto-raptors-r7vh9sOT/,Phoenix Suns - Toronto Raptors 
https://www.oddsportal.com/basketball/usa/nba/sacramento-kings-chicago-bulls-tvWwCQRc/,Sacramento Kings - Chicago Bulls 
https://www.oddsportal.com/basketball/usa/nba/atlanta-hawks-charlotte-hornets-MZCFBdGH/,Atlanta Hawks - Charlotte Hornets 
https://www.oddsportal.com/basketball/usa/nba/denver-nuggets-minnesota-timberwolves-dSRkH0nt/,Denver Nuggets - Minnesota Timberwolves 
https://www.oddsportal.com/basketball/usa/nba/indiana-pacers-houston-rockets-WpK2EbWb/,Indiana Pacers - Houston Rockets 
https://www.oddsportal.com/basketball/usa/nba/los-angeles-clippers-san-antonio-spurs-zJQgGK1n/,Los Angeles Clippers - San Antonio Spurs 
https://www.oddsportal.com/basketball/usa/nba/memphis-grizzlies-los-angeles-lakers-WnFr93fJ/,Memphis Grizzlies - Los Angeles Lakers 
https://www.oddsportal.com/basketball/usa/nba/miami-heat-boston-celtics-0QBJAGVN/,Miami Heat - Boston Celtics 
https://www.oddsportal.com/basketball/usa/nba/new-york-knicks-utah-jazz-fmBN9zoU/,New York Knicks - Utah Jazz 
https://www.oddsportal.com/basketball/usa/nba/orlando-magic-cleveland-cavaliers-Q7J6DIo5/,Orlando Magic - Cleveland Cavaliers 
https://www.oddsportal.com/basketball/usa/nba/philadelphia-76ers-washington-wizards-4bIACx1B/,Philadelphia 76ers - Washington Wizards 
https://www.oddsportal.com/basketball/usa/nba/portland-trail-blazers-chicago-bulls-IsGbFvHh/,Portland Trail Blazers - Chicago Bulls 
https://www.oddsportal.com/basketball/usa/nba/brooklyn-nets-utah-jazz-hdGvAquD/,Brooklyn Nets - Utah Jazz 
https://www.oddsportal.com/basketball/usa/nba/golden-state-warriors-sacramento-kings-AXQZAPP6/,Golden State Warriors - Sacramento Kings 
https://www.oddsportal.com/basketball/usa/nba/houston-rockets-dallas-mavericks-OGONDRul/,Houston Rockets - Dallas Mavericks
https://www.oddsportal.com/basketball/usa/nba/milwaukee-bucks-detroit-pistons-27NRCoef/,Milwaukee Bucks - Detroit Pistons 
https://www.oddsportal.com/basketball/usa/nba/new-orleans-pelicans-indiana-pacers-dUMVB5A0/,New Orleans Pelicans - Indiana Pacers 
https://www.oddsportal.com/basketball/usa/nba/atlanta-hawks-new-york-knicks-4WsiJmIQ/,Atlanta Hawks - New York Knicks 
https://www.oddsportal.com/basketball/usa/nba/chicago-bulls-dallas-mavericks-2grgbnt1/,Chicago Bulls - Dallas Mavericks 
https://www.oddsportal.com/basketball/usa/nba/golden-state-warriors-portland-trail-blazers-AJo1dQAD/,Golden State Warriors - Portland Trail Blazers 
https://www.oddsportal.com/basketball/usa/nba/miami-heat-oklahoma-city-thunder-6uUIE7Qs/,Miami Heat - Oklahoma City Thunder 
https://www.oddsportal.com/basketball/usa/nba/orlando-magic-cleveland-cavaliers-COPqL9mE/,Orlando Magic - Cleveland Cavaliers 
https://www.oddsportal.com/basketball/usa/nba/philadelphia-76ers-charlotte-hornets-A9rmKT2K/,Philadelphia 76ers - Charlotte Hornets 
https://www.oddsportal.com/basketball/usa/nba/phoenix-suns-los-angeles-clippers-WSncc6e7/,Phoenix Suns - Los Angeles Clippers 
https://www.oddsportal.com/basketball/usa/nba/toronto-raptors-boston-celtics-QVqmAN8N/,Toronto Raptors - Boston Celtics 
https://www.oddsportal.com/basketball/usa/nba/brooklyn-nets-washington-wizards-Ae3E5UmR/,Brooklyn Nets - Washington Wizards 
https://www.oddsportal.com/basketball/usa/nba/detroit-pistons-boston-celtics-W44A6AYK/,Detroit Pistons - Boston Celtics 
https://www.oddsportal.com/basketball/usa/nba/memphis-grizzlies-los-angeles-lakers-Szjt1ldr/,Memphis Grizzlies - Los Angeles Lakers 
https://www.oddsportal.com/basketball/usa/nba/minnesota-timberwolves-denver-nuggets-tvfp08Bl/,Minnesota Timberwolves - Denver Nuggets 
https://www.oddsportal.com/basketball/usa/nba/san-antonio-spurs-utah-jazz-O2qkaSQf/,San Antonio Spurs - Utah Jazz 
https://www.oddsportal.com/basketball/usa/nba/atlanta-hawks-cleveland-cavaliers-jgmD7jJE/,Atlanta Hawks - Cleveland Cavaliers 
https://www.oddsportal.com/basketball/usa/nba/denver-nuggets-phoenix-suns-hbHrhBJR/,Denver Nuggets - Phoenix Suns 
https://www.oddsportal.com/basketball/usa/nba/golden-state-warriors-portland-trail-blazers-Ot8Enksk/,Golden State Warriors - Portland Trail Blazers 
https://www.oddsportal.com/basketball/usa/nba/houston-rockets-sacramento-kings-2X6Io9de/,Houston Rockets - Sacramento Kings
https://www.oddsportal.com/basketball/usa/nba/indiana-pacers-new-york-knicks-pddNpTB1/,Indiana Pacers - New York Knicks 
https://www.oddsportal.com/basketball/usa/nba/milwaukee-bucks-chicago-bulls-4xPVfDZ8/,Milwaukee Bucks - Chicago Bulls 
https://www.oddsportal.com/basketball/usa/nba/minnesota-timberwolves-washington-wizards-baOZgXlF/,Minnesota Timberwolves - Washington Wizards 
https://www.oddsportal.com/basketball/usa/nba/new-orleans-pelicans-toronto-raptors-nuoqB3gH/,New Orleans Pelicans - Toronto Raptors
https://www.oddsportal.com/basketball/usa/nba/orlando-magic-oklahoma-city-thunder-ba0RqmR7/,Orlando Magic - Oklahoma City Thunder 
https://www.oddsportal.com/basketball/usa/nba/philadelphia-76ers-charlotte-hornets-C2l98W38/,Philadelphia 76ers - Charlotte Hornets 
https://www.oddsportal.com/basketball/usa/nba/san-antonio-spurs-los-angeles-lakers-AZRwgi4L/,San Antonio Spurs - Los Angeles Lakers 
https://www.oddsportal.com/basketball/usa/nba/utah-jazz-los-angeles-clippers-f73AmVRr/,Utah Jazz - Los Angeles Clippers 
https://www.oddsportal.com/basketball/usa/nba/brooklyn-nets-atlanta-hawks-QoQRegK2/,Brooklyn Nets - Atlanta Hawks 
https://www.oddsportal.com/basketball/usa/nba/charlotte-hornets-memphis-grizzlies-GGryZVCk/,Charlotte Hornets - Memphis Grizzlies 
https://www.oddsportal.com/basketball/usa/nba/dallas-mavericks-miami-heat-lUtqX9s2/,Dallas Mavericks - Miami Heat 
https://www.oddsportal.com/basketball/usa/nba/detroit-pistons-boston-celtics-AwruYkSe/,Detroit Pistons - Boston Celtics 
https://www.oddsportal.com/basketball/usa/nba/oklahoma-city-thunder-new-orleans-pelicans-dW14vhkS/,Oklahoma City Thunder - New Orleans Pelicans 
https://www.oddsportal.com/basketball/usa/nba/utah-jazz-phoenix-suns-2DvXZBcq/,Utah Jazz - Phoenix Suns 
